sequence,episode,success_rate,transfer_efficiency,spill_ratio
E_scoop_tool,1,0.0,0.1255787037037037,0.09722222222222222
E_scoop_tool,2,0.0,0.1267361111111111,0.09722222222222222
E_scoop_tool,3,0.0,0.1255787037037037,0.09780092592592593
E_scoop_tool,4,0.0,0.1255787037037037,0.09780092592592593
E_scoop_tool,5,0.0,0.1261574074074074,0.09780092592592593
