sequence,episode,success_rate,transfer_efficiency,spill_ratio
E_scoop_tool,1,0.0,0.0005787037037037037,0.4988425925925926
E_scoop_tool,2,0.0,0.001736111111111111,0.4976851851851852
E_scoop_tool,3,0.0,0.0011574074074074073,0.4982638888888889
E_scoop_tool,4,0.0,0.0005787037037037037,0.4988425925925926
E_scoop_tool,5,0.0,0.001736111111111111,0.4965277777777778
