sequence,episode,success_rate,transfer_efficiency,spill_ratio
E_scoop_tool,1,0.0,0.421875,0.08969907407407407
E_scoop_tool,2,0.0,0.4230324074074074,0.09027777777777778
E_scoop_tool,3,0.0,0.421875,0.09027777777777778
E_scoop_tool,4,0.0,0.4212962962962963,0.09085648148148148
E_scoop_tool,5,0.0,0.4224537037037037,0.08969907407407407
