material,variant,episode,transfer_efficiency,spill_ratio,n_in_target,n_on_tool,total_particles
snow,standard,1,0.0,0.43,0,0,2400
snow,standard,2,0.0,0.4295833333333333,0,0,2400
snow,standard,3,0.0,0.4295833333333333,0,0,2400
snow,slow_traverse,1,0.0,0.4295833333333333,0,0,2400
snow,slow_traverse,2,0.0,0.4295833333333333,0,0,2400
snow,slow_traverse,3,0.0,0.43,0,0,2400
snow,low_lift,1,0.0,0.3616666666666667,0,0,2400
snow,low_lift,2,0.0,0.3620833333333333,0,0,2400
snow,low_lift,3,0.0,0.3616666666666667,0,0,2400
